,"Welcome to Rhya's uaRO Loot Sheet! Review the Notes and Quick Links tabs for more information. I'm no longer on hiatus, please message me on Discord if you need help.",,,,,,,
,"Want to support this work? You can mail me in-game hat quest materials to ""Rhya"" the Sniper. Cheers!",,,,,,,
Item Name,Action,Category,Details,ID,Average Vend (z),Average Whobuy (z),NPC Overcharge 10 (z),NPC Buyable
2carat Diamond,"NPC, Keep","Official Hat Quest, Misc",x10 for Mystic Rose,731,,,"15,500",No
3carat Diamond,"NPC, Keep","Pet Evolution, Other Quest, Misc","Diamond Gambling, x6 for Little Isis Pet Evolution",732,0,0,"34,100",Yes
Abysmal Knight Card,"Keep, Vend",Card,"x3 for Abysmal Knight Pet Evolution, x3 for White Knight Pet Evolution",4140,,,12,No
Acorn,"Whobuy, Vend","Repeatable Quest, Misc",,1026,,,60,No
Agate,Vend,"Refining / Ore / Forging, Misc",,7291,,,"1,860",No
Agav Card,Vend,"Pet Evolution, Card",x10 for Gloom Under Night Pet Evolution,4409,,,12,No
Alcohol,"Vend, Whobuy","Skill Crafting, Cooking, Alchemy / Brewing / Potions, Official Hat Quest, Server Hat Quest, Misc","x1 for Giant Band Aid, x1 for Headset, x50 for Beer Hat",970,,,248,No
Alice Card,Vend,"Pet Evolution, Card","x1 for Aliza Pet Evolution,",4253,,,12,No
Alice's Apron,"Vend, Keep","Pet Evolution, Official Hat Quest, Server Hat Quest, Misc","x100 for Blush, x500 for Alice Doll, x500 for Glaris Doll, x500 for Defolty Doll, x500 for Aliza Pet Evolution",7047,,,"1,502",No
Alicel Card,Vend,"Pet Evolution, Card",x10 for Kiel D-01 Pet Evolution,4401,,,12,No
Aliot Card,Vend,"Pet Evolution, Card",x10 for Kiel D-01 Pet Evolution,4402,,,12,No
Aliza Card,Vend,"Pet Evolution, Card",x10 for Kiel D-01 Pet Evolution,4400,,,12,No
Aloe,"Vend, Whobuy","Cooking, Alchemy / Brewing / Potions",,704,,,310,No
Aloe Leaflet,"Vend, Whobuy","Cooking, Consumable",,521,,,223,No
Aloevera,"Vend, Whobuy","Cooking, Pet Evolution, Consumable",x150 for Earth Deleter Pet Evolution,606,,,930,No
Amethyst,NPC,Misc,,719,,,"3,720",No
Amulet,"Vend, Whobuy","Cooking, Consumable",,609,,,62,No
Ancient Lips,"Vend, Whobuy","Cooking, Official Hat Quest, Other Quest, Misc, Server Hat Quest","x450 for Magician Hat, x2 for Bride Mask, x350 for Fish in Mouth",1054,,,620,No
Ancient Mummy Card,Vend,"Pet Evolution, Card",x1 for Ancient Mummy Pet Evolution,4248,,,12,No
Ancient Tooth,"Vend, Whobuy","Official Hat Quest, Other Quest, Misc",x2 for Mythical Lion Mask,1053,,,339,No
Angel Wing [0],Keep,"Official Hat Quest, Server Hat Quest, Equipment","x1 for Helm of Angel, x1 for Santa Poring Hat",,,,12,No
Angel Wing Ears [0],"Keep, Vend","Server Hat Quest, Equipment",x1 for Dark Randgris Helm,,,,12,No
Animal Gore,"Vend, Whobuy","Cooking, Pet Taming Item Ingredient, Misc",,702,,,279,No
Animal Skin,NPC,"Pet Evolution, Misc",x20 for Desert Wolf Pet Evolution,919,0,0,22,Yes
Anodyne,"Vend, Whobuy","Consumable, Cooking",,605,,,"1,240",No
Anolian Skin,"Whobuy, Vend, Keep","Repeatable Quest, Official Hat Quest, Misc",x300 for Blue Hairband,7003,,,600,No
Ant Jaw,NPC,Misc,,1014,,,143,No
Antelope Horn,Vend,"Repeatable Quest, Dungeon Quest, Misc",x20 for Finding the Moving Island Quest (Moscovia Dungeon Access),7106,0,0,416,Yes
Anvil,"Vend, Whobuy","Refining / Ore / Forging, Misc",,986,,,"18,600",No
Apple,NPC,"Cooking, Other Quest, Consumable",,512,0,0,8,Yes
Apple Juice,"NPC, Keep","Pet Food, Cooking, Pet Evolution, Consumable",x3 for Eggring Pet Evolution,531,,,12,No
Apple of Archer [0],Vend,"Server Hat Quest, Equipment",x1 for Well-Chewed Pencil,,"1,000,000",0,12,No
Apple Pudding,NPC,"Pet Food, Misc",,6108,0,0,620,"Yes, NPC only item"
Aquamarine,"Keep, Vend","Server Hat Quest, Misc",x70 for Pisces Crown,720,,,"3,720",No
Armlet of Obedience,Vend,Pet Taming Item,"Isis Taming Item, x3 for Little Isis Pet Evolution",639,,,"11,160",No
Armor Piece of Dullahan,NPC,Misc,,7210,,,489,No
Assassin Mask,Vend,"Server Hat Quest, Equipment",x1 for Advanced Assassin Mask,5054,,,12,No
Authoritative Badge,"Vend, Whobuy",Consumable,,662,,,899,No
Bacillus,"Whobuy, Vend","Repeatable Quest, Cooking, Misc",+10 DEX Food,581,780,580,634,No
Backpack,Vend,Pet Accessory,,10013,0,0,930,"Yes, NPC only item"
Bag of Grain,"Keep, NPC","Cooking, Misc",,577,0,0,124,"Yes, NPC only item"
Banana,"Keep, NPC","Cooking, Consumable",,513,0,0,8,Yes
Banana Juice,,"Pet Food, Consumable",Yoyo Pet food,532,,,12,No
Bandana [0],NPC,"Official Hat Quest, Equipment","x1 for Hot-blooded Headband, x1 for Blue Hairband",,0,0,248,Yes
Baphoment Jr Card,Vend,"Card, Pet Evolution","x5 for Bahpomet Pet Evolution, x2 for Chaotic Baphomet Jr Pet Evolution",,,,12,No
Baphomet Doll,Vend,"Dungeon Quest, Misc",xVaries for Sign Quest,750,"16,000",0,"11,160",No
Bark Shorts,Junk,Pet Accessory,,10017,,,12,No
Bat Cage,"Keep, Vend","Pet Evolution, Misc",x500 for Blue Moon Loli Ruri Pet Evolution,7214,,,545,No
Battered Kettle,NPC,Misc,,7323,,,158,No
Battered Pot,Junk,Pet Accessory,,10010,,,12,No
Bear's Footskin,NPC,"Dungeon Quest, Cooking",,948,,,107,No
Beautiful Badges,Junk,Pet Accessory,,10028,,,,
Bee Sting,"Vend, Whobuy","Skill Crafting, Misc",Create Deadly Poison,939,,,19,No
Beret [0],Vend,"Official Hat Quest, Equipment",x1 for Feather Beret,5172,"50,000",,,No
Big Cell,NPC,"Pet Food, Misc",,6104,,,,
Big Ribbon [0],Vend,"Official Hat Quest, Equipment",x1 for Red Ribbon,224,,,"9,300",No
Bill of Birds,"Whobuy, Vend","Repeatable Quest, Misc",,925,0,0,39,Yes
Biotite,Vend,"Refining / Ore / Forging, Misc",,7297,,,"1,860",No
Bitter Herb,Vend,"Pet Taming Item, Cooking","+10 AGI Food, Poporing Taming Item",621,,,12,No
Black Bear Skin,"Keep, NPC","Official Hat Quest, Misc",x300 for Teddy Bear Hat,7161,,,238,No
Black Butterfly Mask,Vend,Pet Accessory,Sucubus Pet accessory,10037,,,0,No
Black Cat Doll,"Keep, Vend, Whobuy","Pet Evolution, Official Hat Quest, Misc","x200 for Wild Rose Pet Evolution, x500 for Wikibine's Black Cat Ears",7206,,,892,No
Black Dyestuffs,"Keep, Vend","Official Hat Quest, Server Hat Quest, Misc","x1 for Black Cat Ears, x1 for Skull Cap, x1 for Censor Bar",983,,,"4,960",No
Blade Lost in Darkness,Vend,"Pet Evolution, Misc","x100 for Abysmal Knight Pet Evolution, x100 for White Knight Pet Evolution",7023,,,"7,440",No
Blank Scroll,Keep,Skill Crafting,Create Elemental Converter,7433,0,0,"2,480",Yes
Blood Red,"Vend, Whobuy","Pet Evolution, Skill Crafting, Arrow Crafting, Misc",x50 for Fire Golem Pet Evolution,,,,620,No
Bloody Page,"Vend, NPC","Pet Evolution, Misc",x50 for Alicel Pet Evolution,7449,,,421,No
Bloody Rune,Keep,"Official Hat Quest, Misc",,7563,"1,500","1,000","1,249",No
Blue Bijou,NPC,"Official Hat Quest, Misc","x7 for Magistrate Hat [1], x7 for A-Yam Hat [1]",7446,0,0,549,No
Blue Feather,"Keep, Vend","Dungeon Quest, Official Hat Quest, Server Hat Quest, Misc","x25 for Filir's Pinions, x10 for Rainbow Scarf, x300 for Orc Hero Headdress",7441,,,704,No
Blue Gemstone,Keep,"Skill Use, Job Quest, Misc","Wizard Job Quest, Blacksmith Job Quest",717,0,0,279,Yes
Blue Hair,NPC,Misc,,1034,,,212,No
Blue Herb,"Vend, Whobuy","Pet Evolution, Alchemy / Brewing / Potions, Consumable","x100 for Rigid Nightmare Terror Pet Evolution, x50 for Blue Moon Loli Ruri Pet Evolution",510,,,37,No
Blue Potion,Keep,"Consumable, Cooking",,505,0,0,"3,100",Yes
Blue Vital Flower,NPC,"Pet Food, Misc",,,0,0,620,"Yes, NPC only item"
Blush [0],"Keep, Vend","Server Hat Quest, Equipment","x1 for Wickebine's Black Cat Ears, x1 for Blush of Groom",,,,12,No
Bomb Wick [0],"Keep, Vend",Equipment,x1 for Candle Hat,,,,12,No
Bone Helm [1],"Keep, Vend","Server Hat Quest, Equipment",x1 for Darkness Helm,,,,12,No
Book of the Devil,Vend,Pet Taming Item,"Baphomet Jr. Taming Item, ",642,,,"1,116",No
Bookclip in Memory,"Keep, Vend","Official Hat Quest, Server Hat Quest, Misc","x20 for Hahoe Mask, x200 for Rideword Hat (RWH)",7015,,,"1,860",No
Bouquet,NPC,"Other Quest, Misc",x1 for Cursed Spirit Quest,744,0,0,"1,240",Yes
Boy's Pure Heart,Vend,Pet Taming Item,"Succubus Taming Item,",12373,,,,No
Bread,NPC,Cooking,,580,0,0,,Yes
Brigan,"Vend, NPC",Pet Evolution,x300 for Chaotic Baphomet Jr Pet Evolution,7054,,,,No
Broken Farming Utensil,NPC,Misc,-,7753,0,0,204,
Brooch [0],NPC,Equipment,,2605,0,0,,Yes
Brooch [1],Vend,Equipment,,2625,"1,500,000",,,No
Brown Root,NPC,Misc,-,7188,0,0,347,No
Bun,NPC,Pet Food,,6115,0,0,,"Yes, NPC only item"
Burning Heart,"Keep, NPC",Official Hat Quest,x300 for Hot-blooded Headband,7097,,,,No
Burning Horseshoe,"Keep, NPC",Official Hat Quest,"x1000 for Rigid Nightmare Terror Pet Evolution, x4 for Cowboy Hat",7120,,,,No
Burnt Tree,"Keep, NPC",Official Hat Quest,x300 for Spore Hat,7068,,,,No
Cacao,"Vend, NPC",Pet Evolution,x300 for Choco Pet Evolution,7182,,,,No
Cactus Needle,"Vend, Whobuy","Skill Crafting, Official Hat Quest","Create Deadly Poison, x50 for Sombrero, x100 for Hahoe Mask",952,,,,No
Candle [0],Keep,Official Hat Quest,x1 for Mine Helmet,,,,,No
Candy,NPC,"Pet Food, Official Hat Quest","x10 for Cake Hat, x50 for Sweet Drops Pet Evolution",529,,,,
Candy Cane,"Keep, NPC",Official Hat Quest,"x5 for Cake Hat, x50 for Sweet Drops Pet Evolution",530,,,,
Cap [0],"Keep, NPC",Official Hat Quest,x1 for Beanie,,0,0,,Yes
Cap [1],"Keep, Vend",Official Hat Quest,x1 for Sunday Hat,,,,,No
Carrot,"Keep, NPC",Cooking,-,515,0,0,,Yes
Carrot Juice,"Keep, NPC",Pet Food,Lunatic Pet food,534,,,,No
Cat's Eye,"Keep, NPC",Official Hat Quest,,7263,,,,No
Celebrant's Mitten [0],Vend,"Server Hat Quest, Equipment",x3 for Anubis Helm,,,,,No
Chain [3],NPC,Equipment,,,"60,000",,,No
Charming Lotus,,Pet Taming Item,"Evil Nymph Taming Item,",12365,,,,
Cheese,"Keep, Vend, Whobuy","Cooking, Official Hat Quest",x50 for Crunch Toast,548,,,,No
Chivalry Emblem,"Keep, Vend",Pet Taming Item Ingredient,,1004,,,,No
Chonchon Doll,Vend,Dungeon Quest,,742,,,,
Chrysalis,"Whobuy, NPC",Repeatable Quest,,915,,,,
Cigarette [0],"Keep, Vend",Pet Evolution,"x1 for High Orc Pet Evolution,",,,,,
Circlet [1],Keep,Official Hat Quest,"x1 for Bulb Band, x1 for Grief for Greed",,,,,
Citrin,Vend,Refining / Ore / Forging,,7295,,,,
Clam Flesh,NPC,"Cooking, Dungeon Quest",,966,,,,
Clam Shell,NPC,"Dungeon Quest, Pet Evolution",x100 for Rigid Nightmare Terror Pet evolution,965,0,0,,Yes
Clattering Skull,"Keep, Vend",Server Hat Quest,x250 for Satanic Bone Helm,7752,800,0,520,
Claw of Desert Wolf,"Keep, Vend","Pet Evolution, Official Hat Quest","x108 for Cowboy Hat, x50 for Rainbow Eggshell, x300 for Desert Wolf Pet Evolution",7030,,,,
Clock Hands,"Keep, NPC",Official Hat Quest,,,,,,
Clover,"Keep, NPC",Pet Evolution,x25 for Leaf Lunatic Pet Evolution,705,,,,
Coal,"Vend, Whobuy","Cooking, Official Hat Quest","x50 for Hat of the Sun God, x1 for Headset",1003,,,,
Cobaltblue Dyestuffs,"Keep, Vend",Official Hat Quest,"x1 for Blue Hairband, x1 for Rainbow Eggshell, x1 for Parcel Hat",978,,,,
Cobweb,Vend,Skill Use,Professor skill,1025,,,,
Concentration Potion,Keep,"Consumable, Cooking",+10 DEX Food,645,,,,
Conch,NPC,"Dungeon Quest, Cooking",,961,,,,
Contract in Shadow,Vend,"Pet Taming Item, Pet Evolution","Deviruchi Taming Item, x3 for Diabloic Pet Evolution",641,,,,
Cookie Bat,Vend,Pet Evolution,,,,,,
Cookie Bat,,Pet Evolution,x100 for Skelion Pet Evolution,,,,,
Cooking Oil,Keep,Cooking,,7457,0,0,,"Yes, NPC only item"
Coral Reef,Keep,"Official Hat Quest, Dungeon Quest",x1200 for Heart Hairpin,7013,,,,
Corsair,"Keep, Vend",Server Hat Quest,x1 for Purple Cowboy Hat,5019,,,,
Cotton Tufts,NPC,Pet Food,,,0,0,,"Yes, NPC only item"
Crab Shell,NPC,Dungeon Quest,,964,0,0,,Yes
Cracked Diamond,Keep,Official Hat Quest,x1 for Doctor Band,733,,,,
Crest Piece,"Keep, Vend",Dungeon Quest,,7356,,,,
Crown [0],"Keep, Vend",Server Hat Quest,x1 for Pisces Crown,,,,,
Crystal Blue,"Keep, Vend, Whobuy",Skill Use,,991,,,,
Crystal Fragment,NPC,Skill Use,,7321,,,,
Crystal Mirror,NPC,"Dungeon Quest, Official Hat Quest",x1 for Mine Helmet,747,0,0,"6,500",Yes
Crystal of Darkness,"Keep, Vend",Server Hat Quest,x500 for Darkness Helm,7799,,,,
Crystal Pumps [0],Vend,Gear,,2407,"100,000",,,No
Crystalized Teardrop,NPC,Misc,-,6075,0,0,403,No
Cultish Masque,Vend,"Server Hat Quest, Misc",x1000 for Anubis Helm,,,,,No
Cursed Ruby,Keep,"Pet Evolution, Official Hat Quest","x50 for Abandoned Teddy Bear Pet Evolution, x1 for Ear Muffs",,,,,No
Cursed Seal,"Keep, Vend","Pet Evolution, Server Hat Quest","x10 for Necromancer's Hood, x300 for Abandoned Teddy Bear Pet Evolution",,,,,No
Cyfar,NPC,Misc,-,7053,0,0,,No
Daenggie,"Keep, NPC",Pet Taming Item Ingredient,,901,,,,No
Dark Crystal Fragment,"Keep, Vend",Official Hat Quest,x369 for Zealotus Mask,7315,"5,000",0,,No
Deadly Noxious Herb,NPC,Pet Taming Item,Poison Spore Taming Item,631,,,,No
Delicious Meat,,"Pet Food, Pet Evolution","x100 for Skelion Pet Evolution, Skelion Pet Food",,,,,No
Delicious Shaved Ice,Vend,Pet Taming Item,Marionette Taming Item,12361,,,,No
Desert Wolf Card,Vend,"Pet Evolution, Card",x1 for Desert Wolf Pet Evolution,4082,,,,No
Destroyed Armor,"Keep, NPC",Official Hat Quest,x500 for Cross Hat,7069,,,,No
Detonator,"Vend, Whobuy",Alchemy / Brewing / Potions,,1051,,,,No
Detrimindexta,"Vend, Whobuy",Other Quest,,971,,,,No
Deviruchi Card,Vend,"Pet Evolution, Card",x1 for Diabloic Pet Evolution,4122,,,,No
Dew Laden Moss,NPC,Pet Taming Item,Spore Taming Item,630,,,,No
Dokebi Horn,"Whobuy, Vend","Repeatable Quest, Pet Evolution",x300 for Am Mut Pet Evolution,1021,,,,No
Dragon Canine,"Keep, Vend, NPC",Dungeon Quest,,1035,300,0,300,No
Dragon Scale,"Keep, Vend, NPC","Official Hat Quest, Dungeon Quest","x400 for Mage Hat, x450 for Chef Hat, x20 for Raccoon Hat",1036,300,0,310,No
Dragon Skin,,Cooking,,7123,890,0,634,No
Dragon Tail,,"Cooking, Dungeon Quest",,1037,"1,300",0,744,No
Dragon's Mane,NPC,Misc,-,6073,0,0,279,No
Drooping Cat [0],"Keep, Vend",Server Hat Quest,x1 for Koneko Hat,,,,,No
Drops Card,"Card Recycler, Vend","Pet Evolution, Card",x1 for Sweet Drops Pet Evolution,4004,,,,No
Dust Pollutant,NPC,Misc,,7320,,,,No
Earth Deleter Card,"Keep, Vend","Card, Pet Evolution",x1 for Earth Deleter Pet Evolution,4279,,,,No
Earthworm Peeling,"Whobuy, Vend",Repeatable Quest,,1055,,,,No
Ectoplasm,"Keep, NPC",Official Hat Quest,x400 for X Hairpin,7220,,,,No
Edible Mushroom,Keep,Cooking,,581,0,0,,"Yes, NPC only item"
Egg Shell [0],"Keep, Vend","Official Hat Quest, Server Hat Quest","x1 for Rainbow Eggshell, x1 for Chick Hat",,,,,
Eggring Card,"Vend, Card Recycler","Pet Evolution, Card",x1 for Eggring Pet Evolution,,,,,No
Elastic Band,Keep,Official Hat Quest,"x10 for Hahoe Mask, x10 for Mythical Lion Mask, x10 for Bride Mask",7200,,,,No
Elder Pixie's Moustache,NPC,Misc,,1040,,,,No
Elder Willow Card,"Keep, Vend",Official Hat Quest,x1 for Mage Hat,4052,,,,No
Elunium,Keep,"Pet Evolution, Refining / Ore / Forging",x30 for Aliza Pet Evolution,985,,,,No
Emblem of the Sun God,"Keep, Vend",Official Hat Quest,x1 for Hat of the Sun God,7086,,,,No
Emerald,"Keep, Vend",Server Hat Quest,x70 for Pisces Crown,721,,,,No
Emperium,Keep,"Arrow Crafting, Official Hat Quest","x1 for Decorative Golden Bell, x1 for Crown of Ancient Queen, x1 for Crown of Mistress",714,,,,No
Empty Bottle,Keep,"Skill Crafting, Skill Use, Alchemy / Brewing / Potions",,713,0,0,,Yes
Evil Druid Card,Vend,"Pet Evolution, Card",x10 for Dark Lord Pet Evolution,4141,,,,
Evil Horn,Keep,"Pet Evolution, Official Hat Quest","x300 for Baophomet Jr Pet Evolution, x50 for Necromancer's Hood, x20 for Antlers",923,,,,
Evil Wing Ears [0],"Keep, Vend",Server Hat Quest,x1 for Dark Randgris Helm,,,,,
Fabric,"Keep, Vend","Official Hat Quest, Pet Evolution, Alchemy / Brewing / Potions","x150 for Parcel Hat, x250 for Sunday Hat, x500 for Bride Mask, x100 for Contaminated Wanderer Pet Evolution",1059,,,,
Fan of Wind,Vend,Pet Taming Item,"Civil Servant Taming Item,",12358,,,,
Fang,NPC,Misc,,1063,,,,
Fang of Garm / Fang of Hatii,Keep,Official Hat Quest,x5 for Helm of Angel,,,,,
Fantastic Cooking Kit,"Keep, Vend",Cooking,,12129,,,,
Fatty Chubby Earthworm,Vend,"Pet Taming Item, Pet Evolution, Cooking","Peco Peco Taming Item, x3 for Grand Peco Pet Evolution",632,,,,
Feather,Keep,"Pet Evolution, Official Hat Quest, Server Hat Quest","x330 for Chef Hat, x80 for Grief for Greed, x50 for Savage Pet Evolution, x100 for Bunny Band, x200 for Ear Muffs, x1000 for Beer Hat",949,,,,
Feather of Birds,Keep,"Official Hat Quest, Dungeon Quest","x300 for Feather Bonnet, x500 for Chick Hat",916,,,,
Fig Leaf,"Vend, Whobuy",Cooking,,7298,380,205,333,
Fin,NPC,Misc,,951,,,,
Fine Grit,NPC,Misc,,7041,,,,
Fine Sand,NPC,Misc,,7043,,,,
Fine-grained Trunk,"Junk, NPC",Misc,,1066,,,,
Fish Tail,Vend,Pet Evolution,x200 for Wild Rose Pet Evolution,1023,300,0,121,No
Fish with Blue Back,NPC,Pet Food,,6096,,,,
Flail Goblin Ring,Vend,Pet Taming Item,"Flail Goblin Taming Item, ",14570,,,,
Flame Gemstone,NPC,Pet Food,,6114,0,0,,"Yes, NPC only item"
Flame Heart,"Vend, Whobuy","Arrow Crafting, Refining / Ore / Forging, Server Hat Quest",x20 for Vanilmirth Hat,994,,,,
Flavored Alcohol,NPC,Pet Food,,6095,,,,
Flexible Tube,NPC,"Other Quest, Dungeon Quest","x20 for Factory Quest, x5 for Finding the Moving Island Quest (Moscovia Dungeon Access)",7325,,,,
Fluff,Keep,"Repeatable Quest, Official Hat Quest",x200 for Black Cat Ears,914,,,,
Fluroscent Liquid,NPC,Misc,-,7326,,,,
Forbidden Red Candle,Vend,Pet Taming Item,"Zealotus Taming Item,",660,,,,
Four Leaf Clover,"Keep, Vend","Pet Evolution, Official Hat Quest, Server Hat Quest","x30 for Leaf Lunatic Pet Evolution, x1 for Hahoe Mask, x1 for Mythical Lion Mask, x1 for Bride Mask, x20 for Festival Pumpkin Hat, x1 for Bunny Band",706,,,,
Fragment,NPC,Misc,,7094,,,,
Fragment of Agony,,,,7436,,,,No
Fragment of Despair,,,,7439,,,,No
Fragment of Hatred,,,,7438,,,,No
Fragment of Misery,,,,7437,,,,No
Fresh Fish,Keep,"Pet Food, Consumable, Server Hat Quest",x300 for Fish Head Hat,579,0,0,,Yes
Fresh Plant,NPC,Pet Food,,6112,,,,
Frill,"Whobuy, Vend","Repeatable Quest, Alchemy / Brewing / Potions",,1012,,,,No
Frozen Rose,Keep,"Official Hat Quest, Misc",,749,,,"14,500",No
Fur,Vend,"Server Hat Quest, Misc","x50 for Little Angel Doll, x200 for Puppy Hat",6020,,,,No
Gangster Mask [0],"Keep, Vend","Server Hat Quest, Equipment",x5 for Gangster Scarf,,,,,
Garlet,NPC,"Alchemy / Brewing / Potions, Misc",,910,,,,
Garnet,NPC,Misc,,718,,,,
Geek Glasses,Keep,"Official Hat Quest, Dungeon Quest, Other Quest, Equipment","x1 for Cursed Spirit Quest, x1 for Binoculars",2243,0,0,,Yes
Gemstone,NPC,Misc,,7300,,,,No
Ghost Coffin,Vend,Pet Taming Item,"Whisper Taming Item,",,,,,
Ghoul Card,Vend,"Pet Evolution, Card","x10 for Dark Lord Pet Evolution, x5 for Dark Illusion Pet Evolution",4110,,,,
Giant Butterfly Wing,NPC,Misc,,7168,,,,
Gift Box,"Vend, Whobuy",Consumable,-,644,,"7,200",,
Gill,NPC,Misc,,956,,,,
Girl's Diary,"Vend, NPC",Equipment,,1558,,,,
Girl's Doll,,Pet Taming Item,"Miyabi Doll Taming Item,",12366,,,,
Girl's Naivety,Vend,Pet Taming Item,,12370,,,,
Glacial Heart,"Keep, Vend, Whobuy","Other Quest, Dungeon Quest, Server Hat Quest","x40 for Ice Necklace Quest, x350 for Satanic Bone Helm",7561,500,0,375,
Glass Bead,"Keep, NPC",Official Hat Quest,x20 for Bulb Band,746,0,0,,Yes
Gold,"Vend, Keep","Pet Evolution, Official Hat Quest, Other Quest, Server Hat Quest","x1 for Grief for Greed, x10 for Hat of the Sun God, x3 for Decorative Golden Bell, x3 for Crown of Ancient Queen, x3 for Crown of Mistress, x1 for Cursed Spirit Quest, x20 for Orc Hero Headdress, x30 for Ancient Mummy Pet Evolution, x3 for Am Mut Pet Evolution",969,,,,
Golden Bell,"Keep, Vend","Pet Accessory, Official Hat Quest",x1 for Decorative Golden Bell,10016,,,,
Golden Earring,,Pet Accessory,,,,,,
Golden Hair,NPC,Misc,,1060,,,,No
Golem Card,Vend,"Pet Evolution, Card","x3 for Fire Golem Pet Evolution,",4072,,,,
Grandpa Beard,Keep,"Dungeon Quest, Other Quest",x1 for Cursed Spirit Quest,,0,0,,Yes
Grape,Keep,Cooking,,514,,,,
Grape Juice,"Vend, Whobuy","Cooking, Valuable Consumable",,533,,,,
Grasshopper's Leg,"Vend, NPC",Pet Evolution,x777 for Metaller Pet Evolution,940,,,,
Grave Keeper's Sword,,Pet Accessory,,10020,,,,
Great Nature,"Vend, Whobuy","Arrow Crafting, Refining / Ore / Forging",,997,,,,
Green Apple,Vend,Pet Food,,7821,,,,
Green Bijou,"Keep, NPC",Official Hat Quest,"x7 for Magistrate Hat [1], x7 for A-Yam Hat [1]",7445,0,0,549,
Green Dyestuffs,NPC,Misc,,,,,,
Green Herb,"Keep, Vend","Pet Food, Pet Evolution, Cooking, Dungeon Quest","x10 for Veins Sibling Quest (each try), x200 for Aliza Pet Evolution",511,,,,
Green Jewel Bag,,Pet Accessory,,10023,,,,
Green Lace,Keep,"Pet Accessory, Official Hat Quest",x1 for Red Bonnet,10015,,,,
Green Live,"Vend, Whobuy",Skill Use,,993,,,,
Grilled Rice Cake,NPC,Pet Food,,6099,,,,
Grit,NPC,Misc,,1056,,,,
Guitar [0],"Keep, NPC",Official Hat Quest,x1 for Sombrero,,,,,
Hairband of Stars,,Pet Accessory,,10025,,,,
Halo [0],Keep,"Official Hat Quest, Pet Evolution",x1 for Angeling Pet Evolution,,,,,
Hammer Goblin Ring,Vend,Pet Taming Item,"Hammer Gobling Taming Item,",14571,,,,
Hammer of Blacksmith,"Vend, Whobuy",Other Quest,,1005,,,,
Hand of God,Vend,Pet Evolution,"x50 for Diabolic Pet evolution, x50 for Contaminated Wanderer Pet Evolution",1009,,,,No
Handcuffs,"Vend, Keep","Server Hat Quest, Misc",x1000 for Mitra [1],7345,,,,No
Hard Feeler,NPC,Misc,,7163,,,,No
Harpy Feather,NPC,Misc,-,7115,0,0,708,No
Hat [1],"Keep, Vend",Official Hat Quest,x1 for Sunday Hat,,,,,No
Headset [0],"Keep, Vend","Official Hat Quest, Equipment",,,,,,No
Heart Hairpin,Keep,"Official Hat Quest, Equipment",x1 for Cresent Hairpin,5041,,,,No
Heart of Mermaid,"Vend, Whobuy",Misc,,950,,,,
Hell Contract,Keep,Pet Taming Item,"Nightmare Terror Taming Item,",12372,,,,
Helm [1],Keep,"Official Hat Quest, Equipment",x1 for Helm of Angel,,,,,No
Her Heart,Keep,Pet Taming Item,"Bongun Taming Item,",659,,,,
Heroic Emblem,"Keep, Vend","Pet Evolution, Official Hat Quest, Server Hat Quest, Misc","x100 for Orc Hero Pet Evolution, x50 for Bao Bao, x100 for Orc Hero Headdress",968,,,,
Hinalle,Keep,Official Hat Quest,,703,,,,
Hinalle Leaflet,"Vend, Whobuy","Cooking, Dungeon Quest, Consumable",,520,900,350,93,No
Hodremlin Card,Vend,"Pet Evolution, Card","x10 for Gloom Under Night Pet Evolution, x1 for Hodremlin Pet Evolution",4413,,,12,No
Holy Water,Vend,"Skill Use, Dungeon Quest, Other Quest, Consumable","x5 for Cursed Spirit Quest, x3 for Ayothaya Dungeon Entrance Quest",523,,,,
Home Cooking Kit,Keep,Cooking,,12126,,,,
Honey,Vend,"Valuable Consumable, Pet Food, Pet Evolution, Cooking","x100 for Alicel Pet Evolution, x100 for Aliot Pet Evolution",518,,450,,
Honey Pot,NPC,Misc,,7121,,,,
Horn,Keep,Skill Crafting,Create Elemental Converter,947,,,,
Horn Barrier,,Pet Accessory,,10038,,,,
Horn of Hell,,Pet Accessory,,10036,,,,
Horn of Hillslion,NPC,Misc,,6023,,,,No
Horrendous Hair,"Keep, NPC",Official Hat Quest,"x50 for Opera Phantom Mask, x500 for Mythical Lion Mask",1048,,,,No
Horrendous Mouth,"Vend, NPC",Pet Taming Item Ingredient,,958,390,0,241,No
Horseshoe,NPC,Misc,,944,,,,
Huge Leaf,Vend,"Repeatable Quest, Pet Evolution, Cooking","x500 for Wild Rose Pet Evolution, x100 for Leaf Lunatic Pet Evolution",7198,650,300,378,
Hydra Card,"Keep, Vend","Server Hat Quest, Card",x1 for Alice Doll,4035,,,,
Hyegun Hat [1] (Yao Jun),"Keep, Vend","Pet Evolution, Equipment",x1 for Yao Jun Pet Evolution (Hyegun),5367,"5,000",,,No
Ice Cream,NPC,Consumable,,536,0,0,,Yes
Ice Cubic,Keep,Cooking,+10 DEX Food,7066,,,,
Ice Fireworks,Vend,Pet Taming Item,"Imp Taming Item,",12374,,,,
Ice Scale,"Keep, NPC",Server Hat Quest,x5 for Satanic Bone Helm,7562,,,,
Illusion Flower,Keep,"Cooking, Server Hat Quest","+10 DEX Food, x10 for Crimson Rose, x10 for Pecopeco Wing Ears",710,,,,
Immortal Heart,"Vend, Whobuy","Cooking, Pet Food, Alchemy / Brewing / Potions",,929,,,,
Infiltrator [0],Vend,Equipment,,1261,"500,000",,,No
Insect Feeler,NPC,Misc,,928,,,,
Insect Leg,NPC,Misc,,7316,,,,
Iron,Keep,Official Hat Quest,"x50 for Doctor Band, x20 for Opera Masque",998,,,,
Iron Hammer,,Refining / Ore / Forging,,613,,,,
Iron Ore,NPC,Misc,,1002,,,,
Isilla Card,Vend,"Pet Evolution, Card",x10 for Gloom Under Night Pet Evolution,4412,,,,No
Izidor,"Vend, Whobuy","Cooking, Job Quest",x1 for Bard Job Quest,709,,,,No
Jack be Dandy,"Keep, Vend",Official Hat Quest,x1 for Fashionable Glasses,2271,0,0,,Yes
Jack o' Pumpkin,"NPC, Keep",Cooking,,1062,0,0,,Yes
Jellopy,Keep,"Pet Evolution, Official Hat Quest, Dungeon Quest","x10,000 for Orc Hero Helm, x10 for Veins Sibling Quest (each try), x200 for Angeling Pet Evolution",909,,,,No
Jewel Crown [0],"Keep, Vend",Server Hat Quest,x1 for Pisces Diadem,5002,,,,
Jing Guai Card,Vend,"Pet Evolution, Card",x10 for Bascojin Pet Evolution,4265,,,,
Jubilee,NPC,Dungeon Quest,x10 for Finding the Moving Island (Moscovia Dungeon),7312,,,,
Karvodailnirol,"Vend, Whobuy","Skill Crafting, Other Quest",Create Deadly Poison,972,,,,
Kitty Band [0],Vend,"Official Hat Quest, Server Hat Quest","x1 for Black Cat Ears, x1 for Raccoon Hat, x1 for Bunny Band, x1 for Wikibine's Black Cat Ears",2213,,,,No
Knife Goblin Ring,Vend,Pet Taming Item,,14569,,,,
Kuloren,Vend,Pet Taming Item,"Shinobi Taming Item,",12362,,,,
Lantern,NPC,Misc,,1041,,,,
Large Jellopy,"Vend, Whobuy","Alchemy / Brewing / Potions, Server Hat Quest",x300 for Vanilmirth Hat,7126,,,,
Leaf Cat Card,Vend,"Pet Evolution, Card","x10 for Eddga Pet Evolution, x10 for Wild Rose Pet Evolution",4195,,,,No
Lemon,"Vend, Whobuy",Cooking,+10 INT Food,568,700,160,37,No
Lemon Dyestuffs,NPC,Misc,,976,,,,No
Level 5 Fire Wall Scroll,NPC,Consumable,,699,,,,No
Little Evil Horn,"Keep, Vend",Official Hat Quest,x600 for Deviruchi Hat,1038,,,,No
Little Evil Wing,"Keep, Vend",Pet Evolution,x250 for Diabolic Pet Evolution,1039,,,,No
Log,"Keep, NPC","Official Hat Quest, Dungeon Quest","x500 for Hahoe Mask, x500 for Mythical Lion Mask, x500 for Bride Mask, x30 for Finding the Moving Island Quest (Moscovia Dungeon Access)",7201,,,,No
Loki's Whisper,Vend,Pet Evolution,"x1 for Blue Moon Loli Ruri Pet Evolution, ",,,,,No
Loli Ruri Card,Vend,"Pet Evolution, Card",,4191,,,,No
Lunatic Card,"Keep, Vend",Pet Evolution,x5 for Leaf Lunatic Pet Evolution,4006,,,,No
Luxurious Pet Food,Keep,Pet Food,,,,,,"Yes, NPC only item"
Luxury Whisky Bottle,Vend,Pet Taming Item,"Dullahan Taming Item, ",12367,,,,
Magical Lithography,Vend,"Pet Taming Item, Pet Evolution","Golem Taming Item, x1 for Fire Golem Pet Evolution",12371,,,,
Magician Hat [0],"Keep, Vend",Server Hat Quest,"x1 for Bunny Ears Hat, x1 for Dress Hat",,,,,
Majestic Goat [0],"Keep, Vend","Server Hat Quest, Pet Evolution",x1 for Gigantic Majestic Goat (DEF),,,,,
Majestic Goat [1],"Keep, Vend",Server Hat Quest,"x1 for Gigantic Majestic Goat (DEF), x1 for Baphomet Pet Evolution",,,,,
Mane,"Vend, Whobuy","Cooking, Official Hat Quest",x100 for Hahoe Mask,1028,,,,
Maneater Blossom,Keep,"Official Hat Quest, Alchemy / Brewing / Potions",,1032,,,,
Maneater Root,"Vend, Whobuy",Cooking,,1033,,,,
Mantis Scythe,NPC,Misc,,1031,,,,
Mao Guai Card,Vend,"Pet Evolution, Card",x10 for Bascojin Pet Evolution,4202,,,,
Marionette Doll [1],"Keep, Vend",Server Hat Quest,"x1 for Alice Doll, x1 for Glaris Doll, x1 for Defolty Doll",,"800,000",,,
Masked Ball,,Pet Accessory,,10034,,,,No
Mastela Fruit,Vend,"Pet Evolution, Valuable Consumable, Cooking",x10 for Grand Peco Pet Evolution,522,,,,Yes
Matchstick,"Keep, Vend","Official Hat Quest, Server Hat Quest","x50 for Candle Hat, x5 for Antique Smoking Pipe",7035,,,,No
Meat,Keep,"Consumable, Pet Evolution, Cooking",x100 for Savage Pet Evolution,517,,,,Yes
Memento,Vend,Cooking,+10 VIT Food,934,500,0,372,Yes
Ment,"Vend, Whobuy",Alchemy / Brewing / Potions,,708,,,,
Metaller Card,Vend,"Pet Evolution, Card",x1 for Metaller Pet Evolution,4057,,,,
Milk,Keep,Cooking,"x2 for Veins Sibling Quest (each try), x50 for Crunch Toast",519,0,0,,Yes
Mini Furnance,,"Dungeon Quest, Refining / Ore / Forging",,,,,,
Mixture,Keep,"Official Hat Quest, Misc",,974,,,,
Mole Whiskers,,"Alchemy / Brewing / Potions, Misc",,1017,,,,
Monster Juice,"Vend, NPC",Pet Taming Item,Hunter Fly Taming Item,626,,,,
Monster Oxygen Max,Junk,Pet Accessory,,,,,,
Monster's Feed,NPC,"Dungeon Quest, Consumable",,528,0,0,,Yes
Morning Dew,Vend,"Pet Food, Alchemy / Brewing / Potions",,6105,,,,
Moth Dust,NPC,"Misc, Alchemy / Brewing / Potions",,1057,,,,
Moth Wing,NPC,Misc,,,,,,
Mould Powder,"Keep, NPC","Official Hat Quest, Misc",x40 for Mage Hat,7001,,,,
Mr. Scream [0],"Keep, Vend","Official Hat Quest, Equipment",x1 for Alarm Mask,2288,,,,No
Munak Card,"Keep, Vend","Pet Evolution, Card",x10 for Moonlight Flower Pet Evolution,4090,,,,
Munak Doll,"Keep, Vend","Pet Evolution, Misc","x100 for Yao Jun Pet Evolution (Hyegun),",7277,"7,000",,,
Muscovite,,"Refining / Ore / Forging, Misc",,7292,,,,
Mushroom Spore,Keep,"Misc, Cooking, Official Hat Quest",x300 for Decorative Mushroom,921,400,80,22,
Mystic Frozen,"Vend, Whobuy","Refining / Ore / Forging, Server Hat Quest",x50 for Fish in Mouth,995,,,,
Mystic Horn,NPC,Misc,,6023,,,,No
Mystic Stone,NPC,Pet Food,,6111,,,,
Needle of Alarm,"Keep, NPC",Official Hat Quest,x3000 for Alarm Mask,1095,,,,No
Needle Packet,"Keep, Vend","Official Hat Quest, Dungeon Quest",x1 for Ayothaya Dungeon Entrance Quest,7213,,,,
Nine Tail Card,"Keep, Vend","Pet Evolution, Card","x10 for Moonlight Flower Pet Evolution, x1 for Cat o' Nine Tails Pet Evolution",4159,,,,
Nine Tails,Keep,"Pet Evolution, Official Hat Quest, Cooking, Server Hat Quest","x500 for Moonlight Flower Hat, x999 for Cat o' Nine Tails Pet Evolution, x999 for Kitsune Mask",1022,,,,
No Recipient,"Keep, Vend",Pet Taming Item,"Munak Taming Item,",636,,,,
Nose Ring,Keep,Official Hat Quest,x1 for Baby Pacifier,941,,,,
Nursing Bottle,Keep,Official Hat Quest,x1 for Baby Pacifier,7270,,,,
Nut Shell [0],"Keep, Vend",Official Hat Quest,x1 for Wonder Nutshell,,,,,
Oil Paper,Keep,Official Hat Quest,x100 for Party Hat,7151,,,,
Oilpalm Coconut,Vend,Pet Taming Item,"Stone Shooter Taming Item,",12369,,,,
Old Blue Box,"Keep, Vend",Consumable,"Open it, silly!",603,,,,
Old Broom,Vend,"Pet Taming Item, Pet Evolution","Dokebi Taming Item, x3 for Am Mut Pet Evolution",637,,,,
Old Frying Pan,Vend,"Pet Evolution, Official Hat Quest, Cooking","x50 for Crunch Toast, x10 for Eggring Pet Evolution",7031,,,,
Old Magic Book,"Keep, Vend","Server Hat Quest, Pet Taming Item Ingredient",x2 for Rideword Hat (RWH),,,,,
Old Pick,NPC,Misc,,7318,,,,
Old Portrait,"Keep, Vend",Pet Evolution,"x50 for Yao Jun Pet Evolution (Hyegun),",7014,,,,
Old Purple Box,"Keep, Vend",Consumable,"Open it, silly!",617,,,,
Old Tree's Dew,Vend,Pet Taming Item,"Willow Pet Taming Item,",,,,,
Opal,"Vend, NPC",Pet Evolution,x10 for Aliot Pet Evolution,727,,,,
Opera Masque [0],Keep,Official Hat Quest,x1 for Opera Phantom Mask,,,,,No
Ora Ora,Keep,Official Hat Quest,,701,,,,
Orange,"Whobuy, Keep",Cooking,,582,,,,
Orange Dyestuffs,Keep,Official Hat Quest,x1 for Mythical Lion Mask,980,,,,
Orange Juice,Vend,Pet Taming Item,"Drops Taming Item,",620,,,,
Orc Baby Card,"Keep, Vend","Pet Evolution, Card","x5 for Orc Hero Pet Evolution,",4375,,,,
Orc Claw,NPC,Misc,,1043,,,,
Orc Trophy,"Keep, Vend","Pet Taming Item, Pet Evolution","Orc Warrior Taming Item, x3 for High Orc Pet Evolution",635,,,,
Orc Warrior Card,"Keep, Vend","Pet Evolution, Card","x1 for High Orc Pet Evolution, x10 for Orc Hero Pet Evolution",4066,,,,
Orc's Fang,NPC,Misc,,922,,,,
Orcish Sword [0],"Keep, Vend",Pet Evolution,x1 for High Orc Pet Evolution,,,,,
Orcish Voucher,"Keep, Vend","Pet Evolution, Official Hat Quest","x500 for High Orc Pet Evolution, x10,000 for Orc Hero Helm",931,,,,
Oridecon,Keep,"Alchemy / Brewing / Potions, Official Hat Quest","x2 for Hat of the Sun God, x1 for Headset",984,,,,
Outdoor Cooking Kit,Keep,Cooking,,12125,,,,
Pacifier,"Vend, NPC","Pet Accessory, Official Hat Quest",x1 for Baby Pacifier,10004,,,,
Pantie [0],Junk,Equipment,,2339,"5,000",0,,
Partizan,NPC,Equipment,,1457,,,,No
Peaked Hat,NPC,Misc,,601,,,,No
Pearl,NPC,Official Hat Quest,x1 for Bunny Band,722,,,,
Peco Peco Card,Vend,"Card, Pet Evolution","x1 for Grand Peco Pet Evolution,",4031,,,,
Peco Peco Feather,Keep,"Pet Evolution, Official Hat Quest, Server Hat Quest",x500 for Pecopeco Wing Ears,7101,,,,
Pencil Case,"Keep, Vend",Server Hat Quest,x7 for Well-Chewed Pencil,738,,,,
Peridot,,Refining / Ore / Forging,,7289,,,,
Pet Food,Keep,"Pet Food, Pet Evolution","x10 for Savage Pet Evolution, x10 for Grand Peco Pet Evolution",537,,,,
Petite's Tail,"Keep, Vend",Pet Evolution,x100 for Earth Deleter Pet Evolution,6260,,,,
Phlogopite,,Refining / Ore / Forging,,7290,,,,
Piece of Bamboo,Keep,Official Hat Quest,x300 for Straw Hat,7150,,,,
Piece of Black Cloth,NPC,Misc,,7205,,,,
Piece of Cake,"Keep, Vend","Cooking, Official Hat Quest","x120 for Chef Hat, x50 for Crunch Toast",539,,,,
Piece of Egg Shell,NPC,Pet Evolution,x20 for Eggring Pet Evolution,7032,,,,
Pipe,"Keep, Vend",Server Hat Quest,x1 for Antique Smoking Pipe,2268,,,,
Plant Neutrient,NPC,Pet Food,,6109,,,,
Pocket Watch,"Keep, Vend",Server Hat Quest,x2 for Gangster Scarf,2717,,,,
Pointed Scale,NPC,Misc,-,906,0,0,42,No
Poison Spore,"Keep, Vend, Whobuy","Skill Crafting, Official Hat Quest, Alchemy / Brewing / Potions",x850 for Spore Hat,7033,,,,No
Porcupine Quill,"Whobuy, Vend",Repeatable Quest,,1027,,,,No
Poring Coin,"Keep, Vend, Whobuy",Server Currency,"Used for Server Hats, Pet Evolutions, and more! Check the uaRO wiki for more details.",7539,"15,000","12,700",,No
Pot,Keep,Cooking,,7482,,,,
Potato,NPC,Consumable,,516,0,0,,Yes
Powder of Butterfly,"Whobuy, Vend",Repeatable Quest,,924,,,,
Prickly Fruit,"Vend, Whobuy","Cooking, Server Hat Quest","+10 DEX Food, x250 for Tropical Fruit Hat",576,,,,
Professional Cooking Kit,"Keep, Vend",Cooking,,12127,,,,
Pumpkin,NPC,Consumable,,535,0,0,,Yes
Pumpkin Lantern,"Keep, Vend",Server Hat Quest,x1000 for Festival Pumpkin Hat,7225,,,,
Pumpkin Pie,NPC,Pet Food,,6097,,,,
Punisher,"Vend, Keep",Pet Accessory,Keep 1,10008,,,,
Puppet,NPC,Misc,,740,,,,
Puppy Headband [0],Vend,"Server Hat Quest, Equipment",x5 for Puppy Hat,,,,,
Pyroxene,,Refining / Ore / Forging,,7296,,,,
Queen's Coronet,,Pet Accessory,,10032,,,,
Queen's Hair Ornament,Vend,"Pet Accessory, Pet Evolution, Official Hat Quest","x1 for Crown of Ancient Queen, x1 for Little Isis Pet Evolution",10006,,,,
Raccoon Leaf,Keep,"Official Hat Quest, Cooking",,945,,,,
Rainbow Carrot,Keep,"Pet Taming Item, Cooking",Lunatic Taming Item,622,,,,
Rainbow Shell,Keep,Skill Crafting,Create Elemental Converter,1013,,,,
Red Bandana [0],"Keep, Vend",Official Hat Quest,x1 for Doctor Band,,,,,
Red Bijou,"Keep, NPC",Official Hat Quest,"x7 for Magistrate Hat [1], x7 for A-Yam Hat [1]",7447,0,0,549,
Red Chile,"Keep, NPC",Cooking,,7286,,,,No
Red Feather,"Keep, Vend",Server Hat Quest,"x25 for Filir's Pinions, x10 for Rainbow Scarf, x300 for Little Angel Doll",7440,,,,
Red Gemstone,Keep,"Pet Food, Skill Use, Job Quest",Wizard Job Quest,716,,,,
Red Herb,Keep,"Pet Food, Alchemy / Brewing / Potions",,507,,,,
Red Muffler,Keep,Official Hat Quest,x300 for Hot-blooded Headband,7216,,,,
Red Prickly Fruit,"Keep, NPC",Server Hat Quest,x250 for Tropical Fruit Hat,587,,,,
Red Scarf,,Pet Accessory,Smokie Pet accessory,10019,,,,
Red Spice,Keep,Cooking,,7456,0,0,,"Yes, NPC only item"
Refined Bradium,Vend,Misc,,6090,"1,200",0,,
Reins,Vend,Pet Evolution,"x1000 for Abysmal Knight Pet Evolution, x1000 for White Knight Pet Evolution",1064,,,,
Reptile Tongue,"Vend, Whobuy",Cooking,,903,,,,
Research Chart,Vend,"Server Hat Quest, Misc",x500 for Love Guard [1],7347,"2,000",0,,
Resin,Keep,Official Hat Quest,x100 for Parcel Hat,907,,,,
Ribbon [1],"Keep, Vend",Official Hat Quest,x1 for Red Ribbon,2209,,,,No
Ring of Death,,Pet Accessory,,10031,,,,
Rocker Doll,NPC,Misc,-,752,0,0,,
Rocker Glasses,Junk,Pet Accessory,,10014,,,,
Romantic Flower [0],"Keep, Vend",Official Hat Quest,x1 for Flower Hairpin,,,,,
Romantic Gent [0],"Keep, Vend",Official Hat Quest,x1 for Feather Bonnet,,,,,
Rosary [0],NPC,Official Hat Quest,x1 for Cross Hat,,0,0,,Yes
Rose Quartz,"Vend, Keep","Refining / Ore / Forging, Server Hat Quest",x10 for Crimson Rose,7293,,,,
Rotten Bandage,"NPC, Keep",Official Hat Quest,x500 for Giant Band Aid,930,,,,
Rotten Fish,,Pet Taming Item,Chonchon Taming Item,624,,,,
Rotten Meat,NPC,Misc,-,7564,,,,
Rouge,"NPC, Keep",Server Hat Quest,x10 for Blush of Groom,739,,,,
Rough Elunium,Keep,"Refining / Ore / Forging, Skill Crafting",,757,,,,
Rough Oridecon,Keep,"Refining / Ore / Forging, Skill Crafting",,756,800,200,341,
Rough Wind,"Vend, Whobuy","Refining / Ore / Forging, Server Hat Quest",x50 for Fish in Mouth,996,"30,000",,,
Royal Cooking Kit,"Keep, Vend",Cooking,,12128,,,,
Royal Jelly,"Vend, NPC","Valuable Consumable, Cooking, Official Hat Quest","+10 DEX Food, x100 for Candle Hat, x2 for Baby Pacifier",526,"4,800","4,500","4,300",No
Rune of Darkness,"Vend, Keep","Pet Evolution, Official Hat Quest, Other Quest","x5 for Odin's Temple Excavation Quest, x30 for Ancient Mummy Pet Evolution",7511,,,,No
Rusty Iron,"Vend, NPC",Pet Taming Item,Steel Chonchon Taming Item,625,,,,No
Rusty Screw,Vend,"Pet Evolution, Other Quest, Dungeon Quest","x10 for Factory Quest, x10 for Finding the Moving Island Quest (Moscovia Dungeon Access), x500 for Alicel Pet Evolution",7317,,,,No
Safety Helmet [0],"Keep, Vend",Official Hat Quest,x1 for Mine Helmet,,,,,No
Sakkat [0],Keep,Official Hat Quest,x1 for Straw Hat,,,,,No
Sand Clump,NPC,Misc,,7124,,,,No
Santa Hat [0],"Keep, Vend",Official Hat Quest,x1 for Party Hat,,,,,No
Sap Jelly,"Keep, Vend",Pet Taming Item,"Nine Tail Taming Item, x3 for Cat o' Nine Tails Pet Evolution",,,,,No
Sapphire,NPC,Misc,,726,,,,No
Sardonyx,NPC,Misc,x1 for new world quest,725,,,,No
Savory Sauce,Keep,Cooking,,7454,0,0,,"Yes, NPC only item"
Scarlet Dyestuffs,"Keep, Vend","Official Hat Quest, Server Hat Quest","x1 for Fashionable Glasses, x20 for Gangster Scarf, x1 for Red Bonnet",975,,,,No
Scatleton Memory,Vend,Pet Evolution,,,,,,No
Scatleton Memory,,Pet Evolution,x2 for Skelion Pet Evolution,,,,,
Scell,NPC,Pet Food,,911,,,,No
Scorpion Nipper,"Vend, Whobuy",Cooking,+10 AGI Food,1046,,,,No
Scorpion Tail,Keep,"Skill Crafting, Cooking","Create Elemental Converter, +10 AGI Food",904,,,,No
Sea-otter Fur,Keep,"Official Hat Quest, Dungeon Quest","x300 for Raccoon Hat, x10 for Finding the Moving Island Quest (Moscovia Dungeon)",7065,,,,No
Sharp Leaf,"Whobuy, Vend","Repeatable Quest, Cooking",Green Salad,7100,"1,300",900,,No
Sharp Scale,NPC,Misc,,963,,,,No
Shell,"Keep, NPC",Pet Evolution,x100 for Rigid Nightmare Terror Pet Evolution,935,,,,No
Shining Scale,"Keep, Vend","Pet Evolution, Cooking, Official Hat Quest","x300 for for Little Isis Pet Evolution, x300 for Magistrate Hat [1], x300 for A-Yam Hat [1]",954,,,,No
Shining Stone,Vend,"Pet Taming Item, Pet Evolution","Petite Taming Item, x3 for Earth Deleter Pet Evolution",640,,,,No
Shoot,"Vend, Whobuy","Pet Food, Cooking, Alchemy / Brewing / Potions",,711,,,,No
Short Daenggie,NPC,Misc,,1094,,,,No
Shoulder Protectors,NPC,Misc,,,,,,No
Shrimp,Vend,Consumable,-,567,700,0,310,
Sidewinder Card,"Keep, Vend","Server Hat Quest, Card",x1 for Chick Hat,4117,,,,
Silk Ribbon,"Keep, Vend","Pet Accessory, Official Hat Quest","x1 for Bao Bao, x1 for Red Ribbon",10007,"25,000",0,,
Silk Robe,Vend,Equipment,-,2322,"125,000",0,,
Silver Knife of Chastity,Vend,Pet Taming Item,"Sohee Taming Item,",638,,,,
Singing Flower,Vend,Pet Taming Item,"Rocker Taming Item,",629,,,,
Singing Plant,Vend,"Pet Evolution, Official Hat Quest","x1 for Opera Masque, x3 for Metaller Pet Evolution",707,,,,
Single Cell,NPC,Misc,,1052,0,0,,Yes
Skele Bone,NPC,Misc,,,,,,
Skirt of Virgin,"Keep, NPC",Official Hat Quest,x20 for Bride Mask,1049,,,,
Skull,"Vend, Keep","Pet Evolution, Server Hat Quest","x500 for Skull Cap, x1000 for Dark Illusion Pet Evolution, x500 for Contaminated Wanderer Pet Evolution",7005,,,,
Skull Helmet,,Pet Accessory,,,,,,
Slick Paper,"Keep, NPC",Official Hat Quest,"x100 for Party Hat, x100 for Censor Bar",7111,,,,
Small Doll Needle,Vend,Pet Taming Item,"Teddy Bear Taming Item, x3 for Abandoned Teddy Bear Pet Evolution",,,,,
Small Snow Flower,NPC,Pet Food,,6098,,,,
Smokie Doll,Vend,Dungeon Quest,,,,,,
Snail's Shell,Keep,Skill Crafting,Create Elemental Converter,946,,,,
Snake Scale,NPC,Misc,,926,,,,
Soft Apron,Vend,"Pet Taming Item, Server Hat Quest","x3 for Alice Doll, x3 for Defolty Doll, x3 for Glaris Doll, Alice Taming Item",661,,,,
Soft Blade of Grass,Keep,"Cooking, Official Hat Quest",x108 for Cowboy Hat,7194,,,,
Soft Feather,"Keep, Vend","Official Hat Quest, Server Hat Quest","x100 for Feather Beret, x200 for Skull Cap, x250 for Dress Hat, x300 for Purple Cowboy Hat",7063,,,,
Soft Silk,"Keep, Vend","Official Hat Quest, Server Hat Quest",x500 for Rainbow Scarf,7166,,,,
Sohee Card,Keep,"Pet Evolution, Card",x10 for Moonlight Flower Pet Evolution,4100,,,,
Solid Husk,"NPC, Vend",Dungeon Quest,x1 for Ayothaya Dungeon Entrance Quest,7190,"1,500",0,,No
Solid Iron Piece,NPC,Dungeon Quest,,7507,,,,
Solid Peach,"Whobuy, NPC",Cooking,,7164,,,,
Solid Shell,"Keep, Vend, NPC",Official Hat Quest,x1200 for Magician Hat,943,,,,
Solid Trunk,NPC,Misc,,1067,,,,
Spawn,"Keep, NPC","Cooking, Official Hat Quest",,908,,,,
Spicy Sauce,"Keep, NPC",Cooking,,7455,,,,
Spiritual Bandage,Vend,Pet Taming Item,"Mummy Taming Item, x3 for Ancient Mummy Pet Evolution",,,,,
Splendid Mirror,"Vend, NPC",Pet Taming Item,"Medusa Taming Item,",12368,,,,
Spool,"Keep, Vend","Official Hat Quest, Dungeon Quest",x1 for Ayothaya Dungeon Entrance Quest,7217,,,,
Spring,Junk,Pet Accessory,,10035,,,,
Spring Rabbit Card,"Keep, Vend","Server Hat Quest, Card",x1 for Bunny Ears Hat,4227,,,,
Squid Ink,"Keep, Vend","Cooking, Official Hat Quest, Job Quest, Misc","x1 for Sage Job Quest, x100 for Bride Mask",1024,,,,
Staff of Leader,Vend,Pet Taming Item,"Goblin Leader Taming Item,",12364,,,,
Star Crumb,Vend,"Server Hat Quest, Misc",x50 for Advanced Assassin Mask,1000,,,,
Star Dust,NPC,Misc,,1001,,,,
Steel,Keep,"Official Hat Quest, Arrow Crafting, Alchemy / Brewing / Potions, Misc","x10 for Cake Hat, x25 for Mine Helmet, x20 for Grief for Greed, x10 for Cresent Hairpin, x40 for Hat of the Sun God, x10 for Flower Hairpin, x100 for Binoculars, x40 for Headset",999,,,,
Stellar,"Keep, Vend","Official Hat Quest, Equipment",x1 for X Hairpin,2294,,,,
Stellar Hairpin,"Keep, Vend","Pet Accessory, Official Hat Quest, Equipment",,10011,,,,
Stem,"Whobuy, Vend","Alchemy / Brewing / Potions, Misc",,905,,,,
Sticky Mucus,"Keep, NPC","Official Hat Quest, Misc","x800 for Grief for Greed, x99 for Censor Bar",938,,,,
Sticky Posion,NPC,Misc,,7565,,,,
Sticky Webfoot,NPC,Cooking,,918,,,,No
Stinky Scale,Keep,Official Hat Quest,,959,,,,No
Stone Heart,"Whobuy, Vend","Repeatable Quest, Dungeon Quest",,953,,,,No
Strange Steel Piece,NPC,Dungeon Quest,x10 for Finding the Moving Island Quest (Moscovia Dungeon),7167,,,,No
Straw Basket,NPC,Misc,,7299,,,,
Straw Hat [0],Keep,Official Hat Quest,x1 for Sombrero,,,,,
Strawberry,"Vend, Whobuy","Cooking, Valuable Consumable",,578,,,,No
Summer Fan,,Pet Accessory,,10030,,,,
Sunday Hat [0],"Keep, Vend",Official Hat Quest,x1 for Red Bonnet,5032,,,,No
Sunflower [0],Junk,Equipment,,2253,,,,
Sunset on the Rock,NPC,Pet Food,,6107,,,,
Sushi,Keep,Official Hat Quest,,551,,,,
Suspcious Bottle,NPC,Pet Food,,,,,,
Sweet Milk,"Vend, NPC","Pet Taming Item, Pet Evolution","Savage Babe Taming Item, x3 for Savage Pet Evolution",627,,,,
Sweet Potato,Vend,Pet Taming Item,"Smokie Taming Item,",633,,,,No
Sweet Sauce,Keep,Cooking,,7453,,,,
Sweets Festival Coin,"Keep, Vend, Whobuy",Event Item Currency,Item only drops seasonally. x500 for Sweet Drops Pet Evolution,,,,,No
Talon,NPC,Misc,,917,,,,
Talon of Griffon,Keep,Official Hat Quest,x40 for Deviruchi Hat,7048,,,,
Tangled Chains,NPC,Misc,,7221,,,,
Tantan Noodle,Vend,Pet Taming Item,"Green Maiden Taming Item,",12395,,,,
Tassel,"Keep, Vend",Official Hat Quest,"x1,887 for Renown Detective's Cap [1]",7301,"2,000",0,494,
Tassel for Durumagi,,Pet Accessory,,10026,,,,
Teddy Bear Card,Keep,"Pet Evolution, Card","x1 for Alicel Pet Evolution, x1 for Aliot Pet Evolution, x1 for Abandoned Teddy Bear Pet Evolution",4340,,,,
Tendon,"Vend, Whobuy",Alchemy / Brewing / Potions,,1050,,,,
Tentacle,NPC,Misc,,962,,,,
Thara Frog Card,"Keep, Vend","Server Hat Quest, Card","x1 for Defolty Doll, x1 for Glaris Doll",4058,,,,
Three-Headed Dragon's Head,Vend,Misc,,7443,"90,000",0,592,
Tiger Panty,Keep,Official Hat Quest,,7267,,,,
Tiger's Footksin,"Vend, Keep","Pet Evolution, Official Hat Quest","x10 for Boy's Cap, x20 for Eddga Pet Evolution",,,,,
Tiny Egg Shell,Junk,Pet Accessory,,10012,,,,
Tongue,"Keep, Vend",Cooking,"+10 STR Food, x1 for Spore Hat",1015,,,,
Tooth of Bat,NPC,Misc,,913,,,,
Topaz,"Keep, Vend",Server Hat Quest,x250 for Moonlight Flower Hat,728,,,,
Torn Paper Piece,NPC,Misc,,,,,,
Tough Scalelike Stem,"Keep, NPC",Official Hat Quest,x200 for Raccoon Hat,7012,,,,
Tough Vines,"Keep, NPC","Official Hat Quest, Dungeon Quest, Other Quest","x300 for Straw Hat, x20 for Finding the Moving Island Quest (Moscovia Dungeon Access), x20 for New Surroundings Quest",7197,,,,
Toxic Gas,NPC,Misc,,7322,,,,
Transparent Head Protector,Junk,Pet Accessory,,10003,,,,
Transparent Plate,Keep,Dungeon Quest,,7352,,,,
Tree Root,NPC,Misc,,902,0,0,,Yes
Tropical Banana,Vend,"Pet Taming Item, Pet Evolution, Cooking","Yoyo Taming Item, x3 for Choco Pet Evolution",634,,,,
Trunk,Keep,"Cooking, Official Hat Quest",x120 for Sakkat,1019,,,,
Turquoise,"Keep, Vend","Refining / Ore / Forging, Server Hat Quest",x20 for Santa Poring Hat,7294,,,,
Turtle Shell,NPC,Misc,,967,,,,
Unripe Apple,"Keep, Vend","Pet Taming Item, Pet Evolution, Cooking, Dungeon Quest","x1 for Veins Siblings Quest, Poring Taming Item, x3 for Mastering Pet Evolution",619,,,,
Used Iron Plate,NPC,Other Quest,x10 for Factory Quest,7319,,,,
Vagabond's Skull,Vend,Pet Taming Item,"Wanderer Taming Item,",14574,,,,
Valhalla's Flower,"Keep, Vend",Server Hat Quest,x50 for Dark Randgris Helm,7510,,,,
Venom Canine,Keep,"Skill Crafting, Official Hat Quest",Create Deadly Poison,937,,,,
Very Red Juice,Vend,Pet Taming Item,"Loli Ruri Taming Item,",12360,,,,
Very Soft Plant,Vend,Pet Taming Item,"Leaf Cat Taming Item, ",12359,,,,
Violet Dyestuffs,"Keep, Vend","Pet Evolution, Official Hat Quest",x3 for Am Mut Pet Evolution,981,,,,
Wanderer Card,"Keep, Vend","Pet Evolution, Card",x3 for Contaminated Wanderer Pet Evolution,4210,,,,
Wedding Bouquet,"Keep, NPC",Official Hat Quest,,745,0,0,,Yes
Well Ripened Berry,NPC,Pet Food,,6106,,,,No
Well-baked Cookie,"Keep, NPC","Official Hat Quest, Consumable",x15 for Cake Hat,538,,,,No
Well-Dried Bone,"Keep, Vend","Pet Taming Item, Pet Evolution, Server Hat Quest","x20 for Pirate Dagger, Baby Desert Wolf Taming Item, x3 for Desert Wolf Pet Evolution",628,,,,No
Western Grace [0],Keep,Official Hat Quest,x1 for Cowboy Hat,,,,,No
White Dyestuffs,Keep,Official Hat Quest,"x1 for Chef Hat, x1 for Hot-blooded Headband, x1 for Feather Beret, x1 for Mystic Rose",982,,,,No
White Herb,"Vend, Whobuy","Pet Evolution, Alchemy / Brewing / Potions",x50 for Angeling Pet Evolution,509,,,,No
White Mask,NPC,Misc,,7568,,,,No
White Potion,Keep,"Consumable, Pet Food",,504,0,0,,Yes
Wig,Junk,Pet Accessory,Dokebi Pet accessory,10005,"25,000",,,No
Wild Flower,,Pet Accessory,Orc Warror pet accessory,10009,,,,No
Wild Rose Card,Vend,Pet Evolution,x10 for Eddga Pet Evolution,4257,,,,No
Will of Red Darkness,,,,7566,,,,No
Will of the Darkness,Vend,Pet Evolution,x200 for Hodremlin Pet Evolution,7340,"5,000",0,455,No
Wind of Verdure,Vend,Skill Use,,992,,,620,No
Wing of Dragonfly,"Keep, Vend","Official Hat Quest, Server Hat Quest","x500 for Wonder Nutshell, x350 for Bunny Ears Hat",7064,350,0,322,No
Wing of Red Bat,NPC,"Cooking, Job Quest",Knight Job Quest,7006,,,104,No
Witch Starsand,"Vend, Whobuy","Alchemy / Brewing / Potions, Cooking",Used for creating Slim Potions,1061,,,300,No
Witherless Rose,"Keep, NPC",Official Hat Quest,x3 for Mystic Rose,748,0,0,"7,500",Yes
Wizard Hat [0],"Keep, Vend",Official Hat Quest,"x1 for Mage Hat, x1 for Magician Hat",2252,,,12,No
Wolf Claw,NPC,Misc,,920,,,35,No
Wooden Gnarl,"Keep, Vend",Server Hat Quest,x450 for Well-Chewed Pencil,7222,,,290,No
Wooden Heart,"Vend, Whobuy",Server Hat Quest,"x20 for Pirate Dagger, x500 for Umbala Spirit",7189,,,421,No
Worm Peeling,NPC,Misc,,955,,,121,No
Worn Out Page,NPC,Dungeon Quest,,1097,,,587,No
Worn Out Scroll,NPC,Misc,,618,,,31,No
Worn-out Kimono,NPC,Misc,,7153,,,365,No
Worn-out Magic Scroll,"Keep, Vend",Official Hat Quest,,7099,,,478,No
Worn-out Prison Uniform,Keep,Official Hat Quest,x1500 for Striped Hairband,1099,,,421,No
Wraith Card,Vend,"Pet Evolution, Card","x10 for Dark Lord Pet Evolution, x5 for Dark Illusion Pet Evolution",4190,,,12,No
Yam,"Vend, Whobuy",Cooking,,529,,,111,No
Yao Jun Card (Hyegun),"Keep, Vend",Pet Evolution,x1 for Yao Jun Pet Evolution (Hyegun),4328,,,12,No
Yarn,"Keep, NPC",Official Hat Quest,x500 for Beanie,7038,,,62,No
Yellow Bijou,"Keep, NPC",Official Hat Quest,"x7 for Magistrate Hat [1], x7 for A-Yam Hat [1]",7448,0,0,549,No
Yellow Gemstone,"Keep, Vend","Skill Use, Job Quest",Wizard Job Quest,715,,,372,No
Yellow Herb,"Keep, NPC","Pet Evolution, Pet Food, Alchemy / Brewing / Potions","x100 for Chaotic Baphomet Jr Pet Evolution, x200 for Metaller Pet Evolution",508,,,24,No
Yellow Potion,NPC,Pet Evolution,-,503,0,0,111,Yes
Yellow Spice,"Keep, NPC",Cooking,+10 DEX Food,7452,0,0,620,"Yes, NPC only item"
Yellow Vital Flower,NPC,Pet Food,-,6110,0,0,620,"Yes, NPC only item"
Yggdrasil Berry,"Keep, Vend, Whobuy",Cooking,+10 DEX Food,607,,,"3,100",No
Yggdrasil Leaf,Keep,"Consumable, Pet Evolution, Cooking",x3 for Mastering Pet Evolution,610,0,0,"2,480",Yes
Yggdrasil Seed,"Vend, Whobuy","Cooking, Valuable Consumable",-,608,,,"3,100",No
Yoyo Card,Vend,"Pet Evolution, Card",x1 for Choco Pet Evolution,4051,,,12,No
Yoyo Doll,"Vend, NPC","Pet Evolution, Dungeon Quest","x2 for Choco Pet Evolution, xVaries for Sign Quest",753,,,"3,720",No
Zargon,NPC,Misc,-,912,0,0,297,Yes
Zenorc Card,"Card Recycler, Vend",Card,-,4096,,,12,No
Zenorc's Fang,"Vend, Whobuy",Alchemy / Brewing / Potions,,1044,,,132,No
Zhu Po Long Card (Dancing Dragon),Vend,"Pet Evolution, Card",x10 for Bascojin Pet Evolution,4272,,,12,No
Zircon,NPC,Misc,-,729,0,0,"3,720",Yes
,,,,,,,,
Dead Branch (DB),"Vend, Whobuy",Consumable,-,604,"6,000","6,000",31,
Diamond Ring [0],NPC,Equipment,-,2613,0,0,"12,500",Yes
Gold Ring [0],NPC,Equipment,-,2610,,,"7,500",No
Green Salad,Vend,Consumable,-,12065,,,"2,000",No
Stiletto [2],NPC,Equipment,-,1216,0,0,"7,200",Yes
Khukri [0],NPC,Equipment,-,13006,"60,000",0,"25,000",No
Pincher of Bettle,NPC,Misc,-,7202,0,0,179,No
Expanded Token Fragment,"Whobuy, Vend","Server Quest Crafting, Misc",,35661,,"7,500",,No